{"shortid":"r19YG_K_X","name":"datosPruebaCV","creationDate":"2018-09-14T17:40:18.860Z","modificationDate":"2018-09-14T17:40:18.860Z","_id":"lA9YlxLMzTxOngBQ","dataJson":"{\r\n   \"NOMBRE\":\"GRIFO MARCELO'S S.R.L.\",\r\n   \"DIRECCION\":\"AV. HUAYRUROPATA NRO. 1700 CUSCO-CUSCO-WANCHAQ \",\r\n   \"RUC\":\"20357768269\",\r\n   \"COD_TIPOCOMPROBANTE\": \"01\",\r\n   \"FECHA_EMISION\": \"24-06-2018\",\r\n   \"DOCUMENTO\": \"COMPRA DE MONEDA EXTRANJERA\",\r\n   \"SERIE\": \"F001\",\r\n   \"NUMERO\": \"00005591\", \r\n   \"USUARIO\": \"CAJERO\",\r\n   \"MONEDA_NACIONAL\":\"SOLES\",\r\n   \"MONEDA_EXTRANJERA\":\"DOLARES\",\r\n   \"VERSION_SISTEMA\":\"F|9.1.4\",\r\n    \"DETALLES\": [{\r\n        \"NACIONAL\": \"S/. 48.75\",\r\n        \"TC\": \"S/. 3.25\",\r\n        \"EXTRANJERO\": \"$ 5.00\"\r\n        \r\n    }]\r\n    \r\n}"}