{"shortid":"rJp9GOYdm","name":"datosPruebaEI","creationDate":"2018-09-14T17:40:33.760Z","modificationDate":"2018-09-14T17:40:40.573Z","_id":"Tz3R6C0xe7ou8cyG","dataJson":"{\r\n   \"NOMBRE\":\"GRIFO MARCELO'S S.R.L.\",\r\n   \"DIRECCION\":\"AV. HUAYRUROPATA NRO. 1700 CUSCO-CUSCO-WANCHAQ \",\r\n   \"RUC\":\"20357768269\",\r\n   \"COD_TIPOCOMPROBANTE\": \"01\",\r\n   \"FECHA_EMISION\": \"24-06-2018\",\r\n   \"DOCUMENTO\": \"RECIBO EGRESO\",\r\n   \"DOC_SOLICITANTE\":\"47171096\",\r\n   \"NOM_SOLICITANTE\": \"OMAR ALEXANDER MUNIZ HUAMAN\",\r\n   \"NUM_CUENTA\": \"234234324\",\r\n   \"DES_CUENTA\" : \"CUENTA DEL PROPIETARIO\",\r\n   \"MONEDA\": \"S/.\",\r\n   \"IMPORTE\" : \"1000\",\r\n   \"SERIE\": \"F001\",\r\n   \"NUMERO\": \"00005591\", \r\n   \"CONCEPTO\":\"POR AUTORIZACION DE GERENCIA\",\r\n   \"USUARIO\": \"CAJERO\",\r\n   \"VERSION_SISTEMA\":\"F|9.1.4\"\r\n}"}