{"shortid":"BJfpzdtum","name":"datosPruebaST","creationDate":"2018-09-14T17:41:14.845Z","modificationDate":"2018-09-14T17:41:14.845Z","_id":"p4mg4cpM42uwoOtI","dataJson":"{\r\n   \"NOMBRE\":\"GRIFO MARCELO'S S.R.L.\",\r\n   \"DIRECCION\":\"AV. HUAYRUROPATA NRO. 1700 CUSCO-CUSCO-WANCHAQ \",\r\n   \"RUC\":\"20357768269\",\r\n   \"COD_TIPOCOMPROBANTE\": \"01\",\r\n   \"FECHA_EMISION\": \"24-06-2018\",\r\n   \"DOCUMENTO\": \"RECIBO DE TRANSFERENCIA\",\r\n   \"SERIE\": \"F001\",\r\n   \"NUMERO\": \"00005591\", \r\n   \"COMENTARIO\":\"POR AUTORIZACION DE GERENCIA\",\r\n   \"ORIGEN\": \"ISLA 01\",\r\n   \"DESTINO\": \"CAJA ADMINISTRACION\",\r\n   \"IMPORTE\": \"S/ 5580.00\",\r\n   \"TURNO\": \"D24/07/2018\",\r\n   \"USUARIO\": \"CAJERO\",\r\n   \"VERSION_SISTEMA\":\"F|9.1.4\"\r\n    \r\n}"}