{"shortid":"ryMOfdt_X","name":"datosPrueba","creationDate":"2018-09-14T17:39:57.629Z","modificationDate":"2018-09-14T18:28:16.118Z","_id":"jlv5vQoNdjttbuJZ","dataJson":"{\r\n   \"URL_LOGO\":\"http://192.168.1.253:9000/static/20510807007/images/20510807007.jpg\",\r\n   \"FLAG\":true,\r\n   \"NOMBRE\":\"GRIFO MARCELO'S S.R.L.  \",\r\n   \"DIRECCION\":\"AV. HUAYRUROPATA NRO. 1700 CUSCO-CUSCO-WANCHAQ \",\r\n   \"RUC\":\"20357768269\",\r\n   \"COD_TIPOCOMPROBANTE\": \"01\",\r\n   \"DOCUMENTO\": \"FACTURA ELECTRONICA\",\r\n   \"SERIE\": \"F001\",\r\n   \"NUMERO\": \"00005591\",\r\n   \"FLAG_ANULADO\":false,\r\n   \"MOTIVO_ANULACION\":\"ERROR DE EMISION\",\r\n   \"COMP_AFECTADO\":\"F001-00000098\",\r\n   \"CLIENTE\": \"omar\",\r\n   \"COD_DOCCLIENTE\":\"6\",\r\n   \"RUC_CLIENTE\": \"20491228297\",\r\n   \"DIRECCION_CLIENTE\": \"MZA. U LOTE.20 ASC. TUPAC AMARU CUSCO - CUSCO - SAN SEBASTIAN  \",\r\n   \"FECHA_EMISION\": \"24-06-2018\",\r\n   \"FECHA_VENCIMIENTO\": \"24-06-2018\",\r\n   \"FORMA_PAGO\": \"EFECTIVO\",\r\n   \"GLOSA\": \"POR LA VENTA DE MERCADERIA\",\r\n   \"OBSERVACIONES\":\"O/C RS-2165-2018\",\r\n   \"USUARIO\": \"CAJERO\",\r\n   \"MONEDA\":\"SOLES\",\r\n   \"ESCRITURA_MONTO\":\"SON: CIENTO VEINTE SIETE CON 52/100 SOLES \",\r\n   \"GRAVADAS\":\"108.07\",\r\n   \"EXONERADAS\":\"0.00\",\r\n   \"GRATUITAS\":\"0.00\",\r\n   \"INAFECTAS\":\"0.00\",\r\n   \"DES_IMPUESTO\":\"IGV\",\r\n   \"IMPUESTO\":\"18\",\r\n   \"DESCUENTO\":\"0.00\",\r\n   \"IGV\":\"19.45\",\r\n   \"TOTAL\":\"127.52\",\r\n   \"PIE_DE_PAGINA\":\"Representación impresa del comprobante electrónico, consulte su documento en www.ifacturacion.pe\",\r\n   \"VERSION_SISTEMA\":\"F|9.1.4\",\r\n   \"DETALLES\": [{\r\n        \"DESCRIPCION\": \"GASEOSA COCACOLA 2.5L\",\r\n        \"UNIDAD\": \"UNIDADES\",\r\n        \"CANTIDAD\": \"5.00\",\r\n        \"PRECIO_UNITARIO\":\"7.90\",\r\n        \"DESCUENTO\":\"0.00\",\r\n        \"SUBTOTAL\":\"39.50\"\r\n    }, {\r\n        \"DESCRIPCION\": \"SIXPACK CERVEZA CUSQUEÑA TRIGO 330ML\",\r\n        \"UNIDAD\": \"UNIDADES\",\r\n        \"CANTIDAD\": \"1.00\",\r\n        \"PRECIO_UNITARIO\":\"19.70\",\r\n        \"DESCUENTO\":\"0.00\",\r\n        \"SUBTOTAL\":\"19.70\"\r\n    },{\r\n        \"DESCRIPCION\": \"ALTOMAYO CAFE GOURMET 180GR\"    ,\r\n        \"UNIDAD\": \"UNIDADES\",\r\n        \"CANTIDAD\": \"3.00\",\r\n        \"PRECIO_UNITARIO\":\"24.99\",\r\n        \"DESCUENTO\":\"0.00\",\r\n        \"SUBTOTAL\":\"74.97\"\r\n    },{\r\n        \"DESCRIPCION\": \"DONOFRIO CHOCOTON PANETON 500GR\",\r\n        \"UNIDAD\": \"UNIDADES\",\r\n        \"CANTIDAD\": \"1.00\",\r\n        \"PRECIO_UNITARIO\":\"13.70\",\r\n        \"DESCUENTO\":\"0.00\",\r\n        \"SUBTOTAL\":\"13.70\"\r\n    }]\r\n}"}