{"shortid":"SJXnM_Fum","name":"datosPruebaES","creationDate":"2018-09-14T17:40:55.486Z","modificationDate":"2018-09-14T17:41:01.381Z","_id":"ljPzQ7vP1fIzORrT","dataJson":"{\r\n   \"NOMBRE\":\"GRIFO MARCELO'S S.R.L.\",\r\n   \"DIRECCION\":\"AV. HUAYRUROPATA NRO. 1700 CUSCO-CUSCO-WANCHAQ \",\r\n   \"RUC\":\"20357768269\",\r\n   \"COD_TIPOCOMPROBANTE\": \"01\",\r\n   \"FECHA_EMISION\": \"24-06-2018\",\r\n   \"DOCUMENTO\": \"NOTA DE ENTRADA\",\r\n   \"SERIE\": \"F001\",\r\n   \"NUMERO\": \"00005591\", \r\n   \"MOTIVO\":\"DESCARGA DE PRODUCTOS\",\r\n   \"TIPO\":\"COMPRA NACIONAL\",\r\n   \"OBSERVACIONES\": \"PRUEBA DE TICKET\",\r\n   \"USUARIO\": \"CAJERO\",\r\n   \"VERSION_SISTEMA\":\"F|9.1.4\",\r\n   \"DETALLES\": [{\r\n        \"DESCRIPCION\": \"GASEOSA COCACOLA 2.5L\",\r\n        \"UNIDAD\": \"UNIDADES\",\r\n        \"CANTIDAD\": \"5.00\"\r\n        \r\n    }, {\r\n        \"DESCRIPCION\": \"SIXPACK CERVEZA CUSQUEÑA TRIGO 330ML\",\r\n        \"UNIDAD\": \"UNIDADES\",\r\n        \"CANTIDAD\": \"1.00\"\r\n         \r\n    },{\r\n        \"DESCRIPCION\": \"ALTOMAYO CAFE GOURMET 180GR\"    ,\r\n        \"UNIDAD\": \"UNIDADES\",\r\n        \"CANTIDAD\": \"3.00\"\r\n        \r\n    },{\r\n        \"DESCRIPCION\": \"DONOFRIO CHOCOTON PANETON 500GR\",\r\n        \"UNIDAD\": \"UNIDADES\",\r\n        \"CANTIDAD\": \"1.00\"\r\n    }]\r\n}"}