{"shortid":"r1IiWuK_Q","name":"FacturaComprobante","recipe":"chrome-pdf","engine":"handlebars","chrome":{"printBackground":true},"modificationDate":"2018-09-14T18:28:28.373Z","_id":"CQKSpVxzwraM0mZY","data":{"shortid":"ryMOfdt_X"},"content":"<!doctype html>\r\n<html>\r\n<head>\r\n    <meta charset=\"utf-8\">\r\n    <style>\r\n         {#asset styles.css @encoding=utf8}\r\n    </style>\r\n    <script>{#asset qrcode.min.js @encoding=utf8}</script>\r\n</head>\r\n\r\n<body>\r\n    <div class=\"invoice-box\">\r\n        <table cellpadding=\"0\" cellspacing=\"0\" style=\"line-height: 20px;\">\r\n            <tr class=\"top\">\r\n                <td style=\"width:60%\">\r\n                    <table>\r\n                        <tr>\r\n                            <td class=\"logo\" style=\"max-width:250px;\"><br>\r\n                                {{#if FLAG}}\r\n                                    <img src='{{URL_LOGO}}' style=\"max-width:250px;\"/>\r\n                                {{else}}\r\n                                    {{NOMBRE}} \r\n                                    <br>\r\n                                     <label>Dirección: {{DIRECCION}}</label>\r\n                                {{/if}} \r\n                                 \r\n                            </td>\r\n                             \r\n                        </tr>\r\n                    </table>\r\n                </td>\r\n                 <td style=\"width:40%\">\r\n                    <table>\r\n                        <tr>\r\n                            \r\n                            <td class=\"correlativo\" style=\"width:40%\">\r\n                                RUC: {{RUC}}<br>\r\n                                {{DOCUMENTO}}<br>\r\n                                <label style=\"float: center;\">{{SERIE}}</label>\r\n                                <label>-</label>\r\n                                <label style=\"float: center\">{{NUMERO}}</label>\r\n                            </td>\r\n                        </tr>\r\n                    </table>\r\n                </td>\r\n            </tr>\r\n        </table>  \r\n        <table cellpadding=\"0\" cellspacing=\"0\">\r\n            <tr>\r\n                <td style=\"width:65%\">\r\n                    <table style=\"line-height: 16px;\">\r\n                        <tr>\r\n                            <td style=\"width:10%\">\r\n                                <strong>SEÑOR(ES): </strong>   \r\n                            </td>\r\n                            <td style=\"width:60%;text-align: left;text-align: -webkit-left;\">\r\n                                 {{CLIENTE}} \r\n                            </td>\r\n                           \r\n                        </tr>\r\n                        <tr>\r\n                            <td style=\"width:10%\">\r\n                                <strong>RUC:  </strong> \r\n                            </td>\r\n                            <td style=\"width:60%;text-align: left;text-align: -webkit-left;\">\r\n                                 {{RUC_CLIENTE}} \r\n                            </td>\r\n                        </tr>\r\n                         <tr>\r\n                            <td style=\"width:10%\">\r\n                                  <strong>DIRECCION: </strong> \r\n                            </td>\r\n                            <td style=\"width:60%;text-align: left;text-align: -webkit-left;\">\r\n                                 {{DIRECCION_CLIENTE}} \r\n                            </td>\r\n                        </tr>\r\n                    </table>\r\n                </td>\r\n                <td>\r\n                    <table style=\"line-height: 16px;\">\r\n                        <tr>\r\n                            <td style=\"width:20%;text-align: right;text-align: -webkit-right;\">\r\n                                <strong>FECHA EMISION:</strong><br>\r\n                                <strong>FECHA VENCIMIENTO:</strong><br>\r\n                            </td>\r\n                            <td style=\"width:10%\">\r\n                                {{FECHA_EMISION}}<br>\r\n                                {{FECHA_VENCIMIENTO}}\r\n                            </td>\r\n                        </tr>\r\n                    </table>\r\n                </td>\r\n            </tr>\r\n            \r\n              \r\n            <tr class=\"information\">\r\n                <td colspan=\"2\">\r\n                    <table style=\"line-height: 16px;\">\r\n                        <tr>\r\n                            <td style=\"width:10%\">\r\n                                <strong>NRO. GUIA:  </strong><br> \r\n                                <strong>GLOSA: </strong><BR> \r\n                                <strong>OBSERVACIONES: </strong> \r\n                            </td>\r\n                            <td style=\"width:50%;text-align: left;text-align: -webkit-left;\">\r\n                                 {{NRO_GUIA}}<br>\r\n                                 {{GLOSA}}<BR>\r\n                                 {{OBSERVACIONES}}\r\n                            </td>\r\n                            <td style=\"width:20%\">\r\n                                <strong>CREADO POR: </strong><br>\r\n                                <strong>FORMA DE PAGO: </strong><br>\r\n                                <strong>MONEDA: </strong>\r\n                            </td>\r\n                            <td style=\"width:20%;text-align: left;text-align: -webkit-left;\">\r\n                                {{CAJERO}}<br>\r\n                                {{FORMA_PAGO}}<br>\r\n                                {{MONEDA}}<br>\r\n                            </td>\r\n                        </tr>\r\n                    </table>\r\n                </td>\r\n            </tr>\r\n            {{#if FLAG_ANULADO}}\r\n             <tr class=\"information\">\r\n                <td colspan=\"2\">\r\n                    <table style=\"line-height: 16px;\">\r\n                        <tr>\r\n                            <td style=\"width:25%\">\r\n                                <strong>MOTIVO O SUSTENTO:</strong><br> \r\n                                <strong>COMPROBANTE AFECTADO:</strong><BR> \r\n                               \r\n                            </td>\r\n                            <td style=\"width:75%;text-align: left;text-align: -webkit-left;\">\r\n                                 {{MOTIVO_ANULACION}}<br>\r\n                                 {{COMP_AFECTADO}}\r\n                                 \r\n                            </td>\r\n                            \r\n                        </tr>\r\n                    </table>\r\n                </td>\r\n            </tr>\r\n            {{/if}}\r\n        </table>\r\n        \r\n        <table cellpadding=\"0\" cellspacing=\"0\">\r\n            <tr class=\"heading\">\r\n                <td>\r\n                    CANT.\r\n                </td>\r\n                <td>\r\n                    UNID.\r\n                </td>\r\n                <td>\r\n                    DESCRIPCION\r\n                </td>\r\n                <td>\r\n                    P. UNIT.\r\n                </td>\r\n                <td>\r\n                    DSCTO.\r\n                </td>\r\n                <td>\r\n                    SUB TOTAL\r\n                </td>\r\n            </tr>\r\n            \r\n            {{#each DETALLES}}\r\n                <tr class=\"item\">\r\n                    <td>\r\n                        {{CANTIDAD}}\r\n                    </td>\r\n                    <td>\r\n                        {{UNIDAD}}\r\n                    </td>\r\n                    <td>\r\n                        {{DESCRIPCION}}\r\n                    </td>\r\n                    <td>\r\n                        {{PRECIO_UNITARIO}}\r\n                    </td>\r\n                    <td>\r\n                        {{DESCUENTO}}\r\n                    </td>\r\n                    <td>\r\n                        {{SUBTOTAL}}\r\n                    </td>\r\n                    <td>&nbsp;</td>                  \r\n                </tr>\r\n            {{/each}}\r\n        </table>\r\n        <table>\r\n        <td>\r\n            {{ESCRITURA_MONTO}}\r\n        </td>\r\n        </table>\r\n        \r\n    </div>\r\n    <table class = \"tabla_op\">\r\n       <tr>\r\n            <td>OP. GRAVADAS:</td>\r\n            <td class=\"detalle_op\">{{GRAVADAS}}</td>\r\n        </tr>\r\n        <tr>\r\n            <td>OP. EXONERADAS:</td>\r\n            <td class=\"detalle_op\">{{EXONERADAS}}</td>\r\n        </tr> \r\n        <tr>\r\n            <td>OP. GRATUITAS:</td>\r\n            <td class=\"detalle_op\">{{GRATUITAS}}</td>\r\n        </tr>\r\n        <tr>\r\n            <td>OP. INAFECTAS:</td>\r\n            <td class=\"detalle_op\">{{INAFECTAS}}</td>\r\n        </tr>\r\n        <tr>\r\n            <td>DESCUENTO:</td>\r\n            <td class=\"detalle_op\">{{DESCUENTO}}</td>\r\n        </tr>\r\n        <tr>\r\n            <td>{{DES_IMPUESTO}}({{IMPUESTO}}%):</td>\r\n            <td class=\"detalle_op\">{{IGV}}</td>\r\n        </tr>\r\n        <tr>\r\n            <td style = \"font-weight: bold;\">TOTAL:</td>\r\n            <td class=\"detalle_op\" style = \"font-weight: bold;\">{{TOTAL}}</td>\r\n        </tr>\r\n    </table>\r\n    <input id=\"comp\" type=\"text\" value=\"{{RUC}}|{{COD_TIPOCOMPROBANTE}}|{{SERIE}}|{{NUMERO}}|{{IGV}}|{{TOTAL}}|{{FECHA_EMISION}}|{{COD_DOCCLIENTE}}|{{RUC_CLIENTE}}\"\r\n    style = \"display:none;\"/><br />\r\n    <div id=\"qrcode\" style = \"border: black 1px solid;\r\n    padding: 10px;\r\n    margin-top: -20px;\r\n    position: absolute;\r\n    \" ></div>\r\n    <script>\r\n        var qrcode = new QRCode(\"qrcode\");\r\n        function makeCode () {\t\t\r\n            var elText = document.getElementById(\"comp\");\r\n            qrcode.makeCode(elText.value);  \r\n        }\r\n        makeCode();\r\n        window.JSREPORT_CHROME_PDF_OPTIONS = {\r\n            width:  '8.27in',\r\n            height: '11.7in'\r\n        }\r\n    </script>\r\n    <p class=\"pie_pagina\">\r\n        {{PIE_DE_PAGINA}}\r\n    </p>\r\n</body>\r\n</html>"}