{"shortid":"ryygG_td7","name":"TicketFactura","recipe":"chrome-pdf","engine":"handlebars","chrome":{"printBackground":true},"modificationDate":"2018-09-14T18:28:16.118Z","_id":"2ZxeNlnI3Hmwxe84","data":{"shortid":"ryMOfdt_X"},"content":"<!DOCTYPE html>\r\n<html>\r\n<head>\r\n     <meta charset=\"utf-8\">\r\n     <style>\r\n         {#asset styles-ticket.css @encoding=utf8}\r\n     </style>\r\n     <script>{#asset qrcode.min.js @encoding=utf8}</script>\r\n</head>\r\n<body > \r\n  <div class=\"ticket\">    \r\n    <div class=\"encabezado\"> \r\n      <p class=\"nombre-empresa\">{{NOMBRE}}</p> \r\n      <p class=\"direccion-empresa\">{{DIRECCION}}</p>\r\n      <p class=\"ruc-emisor\">RUC: {{RUC}}</p>\r\n      <p class=\"tipo-doc\">{{DOCUMENTO}}</p>\r\n      <p class=\"correlativo\">{{SERIE}}-{{NUMERO}}</p>\r\n      <p class=\"fecha-emision\">FECHA EMISIÓN: {{FECHA_EMISION}}</p>\r\n      <p class = \"cliente\" >\r\n        <span>RUC: {{RUC_CLIENTE}}</span><br>\r\n        <span>SEÑOR(ES): {{CLIENTE}}</span><br>\r\n        <span>DIRECCION: {{DIRECCION_CLIENTE}}</span><br>\r\n      </p>\r\n    </div>\r\n    {{#if FLAG_ANULADO}}\r\n        <div class=\"anulacion\">\r\n            <span>MOTIVO O SUSTENTO:</span><br>\r\n            <span>{{MOTIVO_ANULACION}}</span><br>\r\n            <span>COMPROBANTE AFECTADO:</span><br>\r\n            <span>{{COMP_AFECTADO}}</span><br><br>\r\n            </div>  \r\n        {{else}}\r\n            \r\n    {{/if}}\r\n    <table>\r\n        <tr class = \"titulos_tabla\">              \r\n          <th>CANT.</th>          \r\n          <th style=\"padding-left:15px;\">U.M.</th>\r\n          <th style=\"padding-right:8px;\">PRECIO</th>\r\n          <th style=\"padding-right:15px;\">DESC.</th>          \r\n          <th>IMPORTE</th>\r\n        </tr>  \r\n        {{#each DETALLES}}\r\n            <tr>\r\n                <td colspan=\"3\">{{DESCRIPCION}}</td>\r\n            </tr>\r\n            <tr>         \r\n                <td>{{CANTIDAD}}</td>\r\n                <td >{{UNIDAD}}</td>\r\n                <td >{{PRECIO_UNITARIO}}</td>\r\n                <td >{{DESCUENTO}}</td>          \r\n                <td style=\"padding-left:23px\">{{SUBTOTAL}}</td>\r\n            </tr>    \r\n        {{/each}}\r\n    </table>\r\n    <table class=\"sumatorias\">\r\n      <tr>\r\n        <td class=\"sumatorias-titulos\">SUB TOTAL: </td>\r\n        <td>S/</td>\r\n        <td class=\"sub-total-item\">{{GRAVADAS}}</td>\r\n      </tr>\r\n      <tr>\r\n        <td class=\"sumatorias-titulos\">{{DES_IMPUESTO}}({{IMPUESTO}}%): </td>\r\n        <td>S/</td>\r\n        <td class=\"sub-total-item\">{{IGV}}</td>\r\n      </tr>\r\n      <tr>          \r\n        <td class=\"sumatorias-titulos\">TOTAL: </td>\r\n        <td>S/</td>\r\n        <td class=\"sub-total-item\" style=\"font-weight: bold;\"> {{TOTAL}}</td>\r\n      </tr>\r\n    </table>     \r\n    <p class=\"monto_letras\">{{ESCRITURA_MONTO}}</p><BR>     \r\n    <div class = \"codigo\" >\r\n      <input id=\"comp\" type=\"text\" value=\"{{RUC}}|{{COD_TIPOCOMPROBANTE}}|{{SERIE}}|{{NUMERO}}|{{IGV}}|{{TOTAL}}|{{FECHA_EMISION}}|{{COD_DOCCLIENTE}}|{{RUC_CLIENTE}}\"\r\n      style = \"display:none;\"/><br />\r\n      <div id=\"qrcode\" style = \"padding: 10px;\r\n      margin-top: -32px;\r\n      margin-left: 77px;\r\n      position: absolute;\r\n      \" ></div>\r\n      <script>\r\n          var qrcode = new QRCode(\"qrcode\");\r\n          function makeCode () {\t\t\r\n              var elText = document.getElementById(\"comp\");\r\n              qrcode.makeCode(elText.value);  \r\n          }\r\n          makeCode();\r\n      </script>            \r\n  </div>\r\n  <div class=\"pie-pagina\">\r\n    <span>USUARIO: {{USUARIO}}</span>\r\n    <span>v.:{{VERSION_SISTEMA}}</span><br>\r\n    <p style=\"text-align: center;\">{{PIE_DE_PAGINA}}</p>    \r\n  </div>\r\n</div>\r\n  <script>\r\n       \r\n        window.JSREPORT_CHROME_PDF_OPTIONS = {\r\n            width:  '80mm',\r\n            height: '297mm'\r\n        }\r\n    </script>\r\n</body>\r\n\r\n</html>\r\n"}