{"shortid":"H1pVfdFdm","name":"TicketCV","recipe":"chrome-pdf","engine":"handlebars","chrome":{"printBackground":true},"modificationDate":"2018-09-14T17:48:59.606Z","_id":"Gn8ONbVzayr39zwU","data":{"shortid":"r19YG_K_X"},"content":"<html><head>\r\n     <style>\r\n         {#asset style-ticket-compra-venta.css @encoding=utf8}\r\n    </style>\r\n</head>\r\n<body> \r\n    <div class=\"ticket\">    \r\n        <div class=\"encabezado\"> \r\n            <p class=\"nombre-empresa\">{{NOMBRE}}</p> \r\n            <p class=\"direccion-empresa\">{{DIRECCION}}</p>\r\n            <p class=\"ruc-emisor\">RUC: {{RUC}}</p>\r\n            <p class=\"tipo-doc\">{{DOCUMENTO}}</p>      \r\n            <p class=\"correlativo\">CV: {{SERIE}}-{{NUMERO}}</p>\r\n            <p class=\"fecha-emision\">FECHA: {{FECHA_EMISION}}</p>\r\n            <table class=\"datos-transferencia\">\r\n                <tbody><tr>\r\n                    <th style=\"border-right:1px dashed black; text-align: center;padding: 0 12px 0 12px;\">{{MONEDA_NACIONAL}}</th>\r\n                    <th style=\"border-right:1px dashed black;text-align: center;padding: 0 12px 0 12px;\">TIPO DE CAMBIO</th>\r\n                    <th style=\"text-align: center;padding: 0 12px 0 12px;\">{{MONEDA_EXTRANJERA}}</th>\r\n                    </tr>\r\n                     {{#each DETALLES}}\r\n                     \r\n                        <tr>         \r\n                            <td style=\"border-right:1px dashed black;text-align: center;\">{{NACIONAL}}</td>\r\n                            <td style=\"border-right:1px dashed black;text-align: center;\">{{TC}}</td>\r\n                            <td style=\"text-align: center;\">{{EXTRANJERO}}</td>\r\n                           \r\n                        </tr>    \r\n                    {{/each}}\r\n                    \r\n                </tbody></table>                               \r\n                <span>----------------------------------------------------------------------------</span>\r\n        </div>           \r\n        <table class=\"pie-pagina\">            \r\n            <tbody><tr>\r\n                <td style=\"padding: 0 0 0 0;\">USUARIO: {{USUARIO}}</td>\r\n                <td colspan=\"2\" style=\"text-align: right;\">v.:{{VERSION_SISTEMA}}</td>\r\n            </tr>            \r\n        </tbody></table>\r\n    </div>\r\n\r\n <script>\r\n       \r\n        window.JSREPORT_CHROME_PDF_OPTIONS = {\r\n            width:  '80mm',\r\n            height: '297mm'\r\n        }\r\n    </script>\r\n\r\n</body></html>"}