{"shortid":"ByqWGOF_7","name":"TicketEI","recipe":"chrome-pdf","engine":"handlebars","chrome":{"printBackground":true},"modificationDate":"2018-09-14T17:48:59.606Z","_id":"oWbMlfseOmO04WfE","data":{"shortid":"rJp9GOYdm"},"content":"<!DOCTYPE html>\r\n<html>\r\n<head>\r\n   <style>\r\n         {#asset style-recibos.css @encoding=utf8}\r\n    </style>\r\n</head>\r\n<body > \r\n    <div class=\"ticket\">    \r\n        <div class=\"encabezado\"> \r\n            <p class=\"nombre-empresa\">{{NOMBRE}}</p> \r\n            <p class=\"direccion-empresa\">{{DIRECCION}}</p>\r\n            <p class=\"ruc-emisor\">RUC: {{RUC}}</p>\r\n            <p class=\"tipo-doc\">{{DOCUMENTO}}</p>      \r\n            <p class=\"correlativo\">RE: {{SERIE}}-{{NUMERO}}</p>\r\n            <p class=\"fecha-emision\">FECHA: {{FECHA_EMISION}}</p>\r\n            <p class = \"cliente\" >\r\n                <span>SOLICITANTE: {{DOC_SOLICITANTE}} - </span>\r\n                <span>{{NOM_SOLICITANTE}}</span><br>\r\n                <span>CUENTA: {{NUM_CUENTA}} - {{DES_CUENTA}}</span><br>\r\n                <span>CONCEPTO: {{CONCEPTO}}</span>\r\n            </p>\r\n        </div>    \r\n        <table style=\"text-align: center;\">\r\n            <tr>\r\n                <td>IMPORTE:</td> \r\n                <td style=\"padding-left: 61px;\">{{MONEDA}} {{IMPORTE}}</td>\r\n            </tr>\r\n        </table>      \r\n        <table class=\"pie-pagina\">\r\n            <tr>\r\n                <td>--------------------------</td>\r\n                <td style=\"padding: 0 0 0px 0px;\">-------------------------------------</td>\r\n            </tr>\r\n            <tr>\r\n                <td style=\"padding: 0 0 0 0;\">VoBo</td>\r\n                <td style=\"padding: 0px 21px 0px 24px;\" rowspan=\"1\">FIRMA DEL SOLICITANTE</td>\r\n            </tr>\r\n            <tr>\r\n                <td style=\"padding: 0 0 0 0;\">USUARIO: {{USUARIO}}</td>\r\n            </tr>\r\n            <tr>\r\n                <td colspan=\"2\" style=\"text-align: right;\">v.:{{VERSION_SISTEMA}}</td>\r\n            </tr>\r\n        </table>\r\n    </div>\r\n     <script>\r\n       \r\n        window.JSREPORT_CHROME_PDF_OPTIONS = {\r\n            width:  '80mm',\r\n            height: '297mm'\r\n        }\r\n    </script>\r\n</body>\r\n\r\n</html>\r\n"}