{"shortid":"SJwSMdKOQ","name":"TicketST","recipe":"chrome-pdf","engine":"handlebars","chrome":{"printBackground":true},"modificationDate":"2018-09-14T17:49:05.995Z","_id":"DDBgXBn2uhii7Kt1","data":{"shortid":"BJfpzdtum"},"content":"<!DOCTYPE html>\r\n<html>\r\n<head>\r\n    <meta charset=\"utf-8\">\r\n    <style>\r\n         {#asset style-ticket-compra-venta.css @encoding=utf8}\r\n    </style>\r\n \r\n</head>\r\n<body > \r\n    <div class=\"ticket\">    \r\n        <div class=\"encabezado\"> \r\n            <p class=\"nombre-empresa\">{{NOMBRE}}</p> \r\n            <p class=\"direccion-empresa\">{{DIRECCION}}</p>\r\n            <p class=\"ruc-emisor\">RUC: {{RUC}}</p>\r\n            <p class=\"tipo-doc\">{{DOCUMENTO}}</p>      \r\n            <p class=\"correlativo\">RT: {{SERIE}}-{{NUMERO}}</p>\r\n            <p class=\"fecha-emision\">FECHA: {{FECHA_EMISION}}</p>\r\n            <table class=\"datos-transferencia\">\r\n                <tr>\r\n                    <th style=\"border-right:1px dashed black; padding: 0 6px 0 0;\">ORIGEN</th>\r\n                    <th style=\"border-right:1px dashed black;\">DESTINO</th>\r\n                    <th style=\"padding: 0 0 0 12px\">IMPORTE</th>\r\n                    </tr>\r\n                    <tr>\r\n                        <td style=\"border-right:1px dashed black;\">{{ORIGEN}}</td>                        \r\n                        <td style=\"padding: 0 5px 0 5px; border-right:1px dashed black;\">{{DESTINO}}</td>\r\n                        <td style=\"padding: 0 0 0 10px\">{{IMPORTE}}</td>\r\n                    </tr>\r\n                </table>               \r\n                <span>TURNO: {{TURNO}}</span><br>\r\n                <span>COMENTARIO: {{COMENTARIO}}</span><br>\r\n                <span>----------------------------------------------------------------------------</span>\r\n        </div>           \r\n        <table class=\"pie-pagina\">\r\n            <tr>\r\n                <td>--------------------------</td>\r\n                <td style=\"padding: 0 0 0px 0px;\">-------------------------------------</td>\r\n            </tr>\r\n            <tr>\r\n                <td style=\"padding: 0 0 0 0;\">VoBo</td>\r\n                <td style=\"padding: 0px 21px 0px 24px;\" rowspan=\"1\">FIRMA RESPONSABLE</td>\r\n            </tr>\r\n            <tr>\r\n                <td style=\"padding: 0 0 0 0;\">USUARIO: {{USUARIO}}</td>\r\n            </tr>\r\n            <tr>\r\n                <td colspan=\"2\" style=\"text-align: right;\">v.:{{VERSION_SISTEMA}}</td>\r\n            </tr>\r\n        </table>\r\n    </div>\r\n     <script>\r\n       \r\n        window.JSREPORT_CHROME_PDF_OPTIONS = {\r\n            width:  '80mm',\r\n            height: '297mm'\r\n        }\r\n    </script>\r\n</body>\r\n\r\n</html>\r\n"}