{"shortid":"H1l-z_YuQ","name":"TicketNES","recipe":"chrome-pdf","engine":"handlebars","chrome":{"printBackground":true},"modificationDate":"2018-09-14T17:48:59.607Z","_id":"5kib07z7GGmUsKbN","data":{"shortid":"SJXnM_Fum"},"content":"<!DOCTYPE html>\r\n<html>\r\n<head>\r\n  <style>\r\n         {#asset style-ticket-salida-entrada.css @encoding=utf8}\r\n    </style>\r\n</head>\r\n<body > \r\n    <div class=\"ticket\">    \r\n        <div class=\"encabezado\"> \r\n            <p class=\"nombre-empresa\">{{NOMBRE}}</p> \r\n            <p class=\"direccion-empresa\">{{DIRECCION}}</p>\r\n            <p class=\"ruc-emisor\">RUC: {{RUC}}</p>\r\n            <p class=\"tipo-doc\">{{DOCUMENTO}}</p>      \r\n            <p class=\"correlativo\">NE: {{SERIE}}-{{NUMERO}}</p>\r\n            <p class=\"fecha-emision\">FECHA: {{FECHA_EMISION}}</p>\r\n            <p class = \"cliente\" >\r\n                <span>TIPO: {{TIPO}}</span><br>\r\n                <span>MOTIVO: {{MOTIVO}}</span><br>   \r\n                <span>OBSERVACIONES: {{OBSERVACIONES}}</span>\r\n            </p>\r\n        </div>    \r\n        <table>\r\n                <tr class = \"titulos_tabla\">              \r\n                  <th>CANT.</th>          \r\n                  <th style=\"padding-left:15px;\">U.M.</th>                                         \r\n                  <th style=\"padding-left: 70px;\">PRODUCTO</th>\r\n                </tr>    \r\n                \r\n                {{#each DETALLES}}\r\n                     \r\n                    <tr>         \r\n                        <td>{{CANTIDAD}}</td>\r\n                        <td >{{UNIDAD}}</td>\r\n                        <td style=\"padding-left:23px\">{{DESCRIPCION}}</td>\r\n                       \r\n                    </tr>    \r\n                {{/each}}\r\n                \r\n        </table>\r\n        <table class=\"pie-pagina\">\r\n            <tr>\r\n                <td>--------------------------</td>\r\n                <td style=\"padding: 0 0 0px 20px;\">-------------------------------------</td>\r\n            </tr>\r\n            <tr>\r\n                <td style=\"padding: 0 0 0 0;\">VoBo</td>\r\n                <td style=\"padding: 0px 21px 0px 48px;\" rowspan=\"1\">RESPONSABLE</td>\r\n            </tr>\r\n            <tr>\r\n                <td style=\"padding: 0 0 0 0;\">USUARIO: {{USUARIO}}</td>\r\n            </tr>\r\n            <tr>\r\n                <td colspan=\"2\" style=\"text-align: right;\">v.:{{VERSION_SISTEMA}}</td>\r\n            </tr>\r\n        </table>\r\n    </div>\r\n     <script>\r\n       \r\n        window.JSREPORT_CHROME_PDF_OPTIONS = {\r\n            width:  '80mm',\r\n            height: '297mm'\r\n        }\r\n    </script>\r\n</body>\r\n\r\n</html>\r\n"}